﻿<?xml version="1.0" encoding="utf-8"?><DEFECTS><DEFECT>
    <SFA>
      <FILEPATH>C:\ProgramData\TL-Engine\include\</FILEPATH>
      <FILENAME>Defines.h</FILENAME>
      <LINE>633</LINE>
      <COLUMN>2</COLUMN>
    </SFA>
    <DEFECTCODE>26440</DEFECTCODE>
    <DESCRIPTION>Function 'tle::CScopeLock::CScopeLock' can be declared 'noexcept' (f.6).</DESCRIPTION>
    <FUNCTION>tle::CScopeLock::{ctor}</FUNCTION>
    <DECORATED>??0CScopeLock@tle@@QAE@PA_N_N@Z</DECORATED>
    <FUNCLINE>633</FUNCLINE>
    <PATH></PATH>
  </DEFECT><DEFECT>
    <SFA>
      <FILEPATH>C:\ProgramData\TL-Engine\include\</FILEPATH>
      <FILENAME>Defines.h</FILENAME>
      <LINE>643</LINE>
      <COLUMN>3</COLUMN>
    </SFA>
    <DEFECTCODE>26432</DEFECTCODE>
    <DESCRIPTION>If you define or delete any default operation in the type 'class tle::CScopeLock', define or delete them all (c.21).</DESCRIPTION>
    <FUNCTION>tle::CScopeLock::{dtor}</FUNCTION>
    <DECORATED>??1CScopeLock@tle@@QAE@XZ</DECORATED>
    <FUNCLINE>643</FUNCLINE>
    <PATH></PATH>
  </DEFECT><DEFECT>
    <SFA>
      <FILEPATH>C:\ProgramData\TL-Engine\include\</FILEPATH>
      <FILENAME>Errors.h</FILENAME>
      <LINE>75</LINE>
      <COLUMN>13</COLUMN>
    </SFA>
    <DEFECTCODE>26440</DEFECTCODE>
    <DESCRIPTION>Function 'tle::ExceptionDebug' can be declared 'noexcept' (f.6).</DESCRIPTION>
    <FUNCTION>tle::ExceptionDebug</FUNCTION>
    <DECORATED>?ExceptionDebug@tle@@YAXXZ</DECORATED>
    <FUNCLINE>75</FUNCLINE>
    <PATH></PATH>
  </DEFECT><DEFECT>
    <SFA>
      <FILEPATH>C:\ProgramData\TL-Engine\include\</FILEPATH>
      <FILENAME>Errors.h</FILENAME>
      <LINE>97</LINE>
      <COLUMN>2</COLUMN>
    </SFA>
    <DEFECTCODE>26455</DEFECTCODE>
    <DESCRIPTION>Default constructor should not throw. Declare it 'noexcept' (f.6).</DESCRIPTION>
    <FUNCTION>tle::CTLException::{ctor}</FUNCTION>
    <DECORATED>??0CTLException@tle@@QAE@ABV?$basic_string@DU?$char_traits@D@std@@V?$allocator@D@2@@std@@0H@Z</DECORATED>
    <FUNCLINE>97</FUNCLINE>
    <PATH></PATH>
  </DEFECT><DEFECT>
    <SFA>
      <FILEPATH>C:\ProgramData\TL-Engine\include\</FILEPATH>
      <FILENAME>Errors.h</FILENAME>
      <LINE>125</LINE>
      <COLUMN>6</COLUMN>
    </SFA>
    <DEFECTCODE>26440</DEFECTCODE>
    <DESCRIPTION>Function 'tle::CTLException::LineNum' can be declared 'noexcept' (f.6).</DESCRIPTION>
    <FUNCTION>tle::CTLException::LineNum</FUNCTION>
    <DECORATED>?LineNum@CTLException@tle@@QBEHXZ</DECORATED>
    <FUNCLINE>125</FUNCLINE>
    <PATH></PATH>
  </DEFECT><DEFECT>
    <SFA>
      <FILEPATH>C:\ProgramData\TL-Engine\include\</FILEPATH>
      <FILENAME>Mesh.h</FILENAME>
      <LINE>47</LINE>
      <COLUMN>11</COLUMN>
    </SFA>
    <DEFECTCODE>26432</DEFECTCODE>
    <DESCRIPTION>If you define or delete any default operation in the type 'class tle::IMesh', define or delete them all (c.21).</DESCRIPTION>
    <FUNCTION>tle::IMesh::{dtor}</FUNCTION>
    <DECORATED>??1IMesh@tle@@UAE@XZ</DECORATED>
    <FUNCLINE>47</FUNCLINE>
    <PATH></PATH>
  </DEFECT><DEFECT>
    <SFA>
      <FILEPATH>C:\ProgramData\TL-Engine\include\</FILEPATH>
      <FILENAME>SceneNode.h</FILENAME>
      <LINE>44</LINE>
      <COLUMN>11</COLUMN>
    </SFA>
    <DEFECTCODE>26432</DEFECTCODE>
    <DESCRIPTION>If you define or delete any default operation in the type 'class tle::ISceneNode', define or delete them all (c.21).</DESCRIPTION>
    <FUNCTION>tle::ISceneNode::{dtor}</FUNCTION>
    <DECORATED>??1ISceneNode@tle@@MAE@XZ</DECORATED>
    <FUNCLINE>44</FUNCLINE>
    <PATH></PATH>
  </DEFECT><DEFECT>
    <SFA>
      <FILEPATH>C:\ProgramData\TL-Engine\include\</FILEPATH>
      <FILENAME>SceneNode.h</FILENAME>
      <LINE>44</LINE>
      <COLUMN>11</COLUMN>
    </SFA>
    <DEFECTCODE>26436</DEFECTCODE>
    <DESCRIPTION>The type 'class tle::ISceneNode' with a virtual function needs either public virtual or protected non-virtual destructor (c.35).</DESCRIPTION>
    <FUNCTION>tle::ISceneNode::{dtor}</FUNCTION>
    <DECORATED>??1ISceneNode@tle@@MAE@XZ</DECORATED>
    <FUNCLINE>44</FUNCLINE>
    <PATH></PATH>
  </DEFECT><DEFECT>
    <SFA>
      <FILEPATH>C:\ProgramData\TL-Engine\include\</FILEPATH>
      <FILENAME>Model.h</FILENAME>
      <LINE>76</LINE>
      <COLUMN>11</COLUMN>
    </SFA>
    <DEFECTCODE>26432</DEFECTCODE>
    <DESCRIPTION>If you define or delete any default operation in the type 'class tle::IModel', define or delete them all (c.21).</DESCRIPTION>
    <FUNCTION>tle::IModel::{dtor}</FUNCTION>
    <DECORATED>??1IModel@tle@@UAE@XZ</DECORATED>
    <FUNCLINE>76</FUNCLINE>
    <PATH></PATH>
  </DEFECT><DEFECT>
    <SFA>
      <FILEPATH>C:\ProgramData\TL-Engine\include\</FILEPATH>
      <FILENAME>Light.h</FILENAME>
      <LINE>61</LINE>
      <COLUMN>11</COLUMN>
    </SFA>
    <DEFECTCODE>26432</DEFECTCODE>
    <DESCRIPTION>If you define or delete any default operation in the type 'class tle::ILight', define or delete them all (c.21).</DESCRIPTION>
    <FUNCTION>tle::ILight::{dtor}</FUNCTION>
    <DECORATED>??1ILight@tle@@UAE@XZ</DECORATED>
    <FUNCLINE>61</FUNCLINE>
    <PATH></PATH>
  </DEFECT><DEFECT>
    <SFA>
      <FILEPATH>C:\ProgramData\TL-Engine\include\</FILEPATH>
      <FILENAME>Camera.h</FILENAME>
      <LINE>60</LINE>
      <COLUMN>11</COLUMN>
    </SFA>
    <DEFECTCODE>26432</DEFECTCODE>
    <DESCRIPTION>If you define or delete any default operation in the type 'class tle::ICamera', define or delete them all (c.21).</DESCRIPTION>
    <FUNCTION>tle::ICamera::{dtor}</FUNCTION>
    <DECORATED>??1ICamera@tle@@UAE@XZ</DECORATED>
    <FUNCLINE>60</FUNCLINE>
    <PATH></PATH>
  </DEFECT><DEFECT>
    <SFA>
      <FILEPATH>C:\ProgramData\TL-Engine\include\</FILEPATH>
      <FILENAME>Font.h</FILENAME>
      <LINE>31</LINE>
      <COLUMN>30</COLUMN>
    </SFA>
    <DEFECTCODE>26814</DEFECTCODE>
    <DESCRIPTION>The const variable 'tle::kWhite' can be computed at compile-time. Consider using constexpr (con.5).</DESCRIPTION>
    <FUNCTION>tle::kWhite</FUNCTION>
    <DECORATED>?kWhite@tle@@3IB</DECORATED>
    <FUNCLINE>31</FUNCLINE>
    <PATH></PATH>
  </DEFECT><DEFECT>
    <SFA>
      <FILEPATH>C:\ProgramData\TL-Engine\include\</FILEPATH>
      <FILENAME>Font.h</FILENAME>
      <LINE>32</LINE>
      <COLUMN>30</COLUMN>
    </SFA>
    <DEFECTCODE>26814</DEFECTCODE>
    <DESCRIPTION>The const variable 'tle::kBlack' can be computed at compile-time. Consider using constexpr (con.5).</DESCRIPTION>
    <FUNCTION>tle::kBlack</FUNCTION>
    <DECORATED>?kBlack@tle@@3IB</DECORATED>
    <FUNCLINE>32</FUNCLINE>
    <PATH></PATH>
  </DEFECT><DEFECT>
    <SFA>
      <FILEPATH>C:\ProgramData\TL-Engine\include\</FILEPATH>
      <FILENAME>Font.h</FILENAME>
      <LINE>33</LINE>
      <COLUMN>29</COLUMN>
    </SFA>
    <DEFECTCODE>26814</DEFECTCODE>
    <DESCRIPTION>The const variable 'tle::kRed' can be computed at compile-time. Consider using constexpr (con.5).</DESCRIPTION>
    <FUNCTION>tle::kRed</FUNCTION>
    <DECORATED>?kRed@tle@@3IB</DECORATED>
    <FUNCLINE>33</FUNCLINE>
    <PATH></PATH>
  </DEFECT><DEFECT>
    <SFA>
      <FILEPATH>C:\ProgramData\TL-Engine\include\</FILEPATH>
      <FILENAME>Font.h</FILENAME>
      <LINE>34</LINE>
      <COLUMN>30</COLUMN>
    </SFA>
    <DEFECTCODE>26814</DEFECTCODE>
    <DESCRIPTION>The const variable 'tle::kGreen' can be computed at compile-time. Consider using constexpr (con.5).</DESCRIPTION>
    <FUNCTION>tle::kGreen</FUNCTION>
    <DECORATED>?kGreen@tle@@3IB</DECORATED>
    <FUNCLINE>34</FUNCLINE>
    <PATH></PATH>
  </DEFECT><DEFECT>
    <SFA>
      <FILEPATH>C:\ProgramData\TL-Engine\include\</FILEPATH>
      <FILENAME>Font.h</FILENAME>
      <LINE>35</LINE>
      <COLUMN>29</COLUMN>
    </SFA>
    <DEFECTCODE>26814</DEFECTCODE>
    <DESCRIPTION>The const variable 'tle::kBlue' can be computed at compile-time. Consider using constexpr (con.5).</DESCRIPTION>
    <FUNCTION>tle::kBlue</FUNCTION>
    <DECORATED>?kBlue@tle@@3IB</DECORATED>
    <FUNCLINE>35</FUNCLINE>
    <PATH></PATH>
  </DEFECT><DEFECT>
    <SFA>
      <FILEPATH>C:\ProgramData\TL-Engine\include\</FILEPATH>
      <FILENAME>Font.h</FILENAME>
      <LINE>36</LINE>
      <COLUMN>29</COLUMN>
    </SFA>
    <DEFECTCODE>26814</DEFECTCODE>
    <DESCRIPTION>The const variable 'tle::kCyan' can be computed at compile-time. Consider using constexpr (con.5).</DESCRIPTION>
    <FUNCTION>tle::kCyan</FUNCTION>
    <DECORATED>?kCyan@tle@@3IB</DECORATED>
    <FUNCLINE>36</FUNCLINE>
    <PATH></PATH>
  </DEFECT><DEFECT>
    <SFA>
      <FILEPATH>C:\ProgramData\TL-Engine\include\</FILEPATH>
      <FILENAME>Font.h</FILENAME>
      <LINE>37</LINE>
      <COLUMN>32</COLUMN>
    </SFA>
    <DEFECTCODE>26814</DEFECTCODE>
    <DESCRIPTION>The const variable 'tle::kMagenta' can be computed at compile-time. Consider using constexpr (con.5).</DESCRIPTION>
    <FUNCTION>tle::kMagenta</FUNCTION>
    <DECORATED>?kMagenta@tle@@3IB</DECORATED>
    <FUNCLINE>37</FUNCLINE>
    <PATH></PATH>
  </DEFECT><DEFECT>
    <SFA>
      <FILEPATH>C:\ProgramData\TL-Engine\include\</FILEPATH>
      <FILENAME>Font.h</FILENAME>
      <LINE>38</LINE>
      <COLUMN>31</COLUMN>
    </SFA>
    <DEFECTCODE>26814</DEFECTCODE>
    <DESCRIPTION>The const variable 'tle::kYellow' can be computed at compile-time. Consider using constexpr (con.5).</DESCRIPTION>
    <FUNCTION>tle::kYellow</FUNCTION>
    <DECORATED>?kYellow@tle@@3IB</DECORATED>
    <FUNCLINE>38</FUNCLINE>
    <PATH></PATH>
  </DEFECT><DEFECT>
    <SFA>
      <FILEPATH>C:\ProgramData\TL-Engine\include\</FILEPATH>
      <FILENAME>Font.h</FILENAME>
      <LINE>39</LINE>
      <COLUMN>33</COLUMN>
    </SFA>
    <DEFECTCODE>26814</DEFECTCODE>
    <DESCRIPTION>The const variable 'tle::kLightGrey' can be computed at compile-time. Consider using constexpr (con.5).</DESCRIPTION>
    <FUNCTION>tle::kLightGrey</FUNCTION>
    <DECORATED>?kLightGrey@tle@@3IB</DECORATED>
    <FUNCLINE>39</FUNCLINE>
    <PATH></PATH>
  </DEFECT><DEFECT>
    <SFA>
      <FILEPATH>C:\ProgramData\TL-Engine\include\</FILEPATH>
      <FILENAME>Font.h</FILENAME>
      <LINE>40</LINE>
      <COLUMN>32</COLUMN>
    </SFA>
    <DEFECTCODE>26814</DEFECTCODE>
    <DESCRIPTION>The const variable 'tle::kMidGrey' can be computed at compile-time. Consider using constexpr (con.5).</DESCRIPTION>
    <FUNCTION>tle::kMidGrey</FUNCTION>
    <DECORATED>?kMidGrey@tle@@3IB</DECORATED>
    <FUNCLINE>40</FUNCLINE>
    <PATH></PATH>
  </DEFECT><DEFECT>
    <SFA>
      <FILEPATH>C:\ProgramData\TL-Engine\include\</FILEPATH>
      <FILENAME>Font.h</FILENAME>
      <LINE>41</LINE>
      <COLUMN>29</COLUMN>
    </SFA>
    <DEFECTCODE>26814</DEFECTCODE>
    <DESCRIPTION>The const variable 'tle::kGrey' can be computed at compile-time. Consider using constexpr (con.5).</DESCRIPTION>
    <FUNCTION>tle::kGrey</FUNCTION>
    <DECORATED>?kGrey@tle@@3IB</DECORATED>
    <FUNCLINE>41</FUNCLINE>
    <PATH></PATH>
  </DEFECT><DEFECT>
    <SFA>
      <FILEPATH>C:\ProgramData\TL-Engine\include\</FILEPATH>
      <FILENAME>Font.h</FILENAME>
      <LINE>42</LINE>
      <COLUMN>32</COLUMN>
    </SFA>
    <DEFECTCODE>26814</DEFECTCODE>
    <DESCRIPTION>The const variable 'tle::kDarkGrey' can be computed at compile-time. Consider using constexpr (con.5).</DESCRIPTION>
    <FUNCTION>tle::kDarkGrey</FUNCTION>
    <DECORATED>?kDarkGrey@tle@@3IB</DECORATED>
    <FUNCLINE>42</FUNCLINE>
    <PATH></PATH>
  </DEFECT><DEFECT>
    <SFA>
      <FILEPATH>C:\ProgramData\TL-Engine\include\</FILEPATH>
      <FILENAME>Font.h</FILENAME>
      <LINE>79</LINE>
      <COLUMN>11</COLUMN>
    </SFA>
    <DEFECTCODE>26432</DEFECTCODE>
    <DESCRIPTION>If you define or delete any default operation in the type 'class tle::IFont', define or delete them all (c.21).</DESCRIPTION>
    <FUNCTION>tle::IFont::{dtor}</FUNCTION>
    <DECORATED>??1IFont@tle@@UAE@XZ</DECORATED>
    <FUNCLINE>79</FUNCLINE>
    <PATH></PATH>
  </DEFECT><DEFECT>
    <SFA>
      <FILEPATH>C:\ProgramData\TL-Engine\include\</FILEPATH>
      <FILENAME>Sprite.h</FILENAME>
      <LINE>44</LINE>
      <COLUMN>11</COLUMN>
    </SFA>
    <DEFECTCODE>26432</DEFECTCODE>
    <DESCRIPTION>If you define or delete any default operation in the type 'class tle::ISprite', define or delete them all (c.21).</DESCRIPTION>
    <FUNCTION>tle::ISprite::{dtor}</FUNCTION>
    <DECORATED>??1ISprite@tle@@UAE@XZ</DECORATED>
    <FUNCLINE>44</FUNCLINE>
    <PATH></PATH>
  </DEFECT><DEFECT>
    <SFA>
      <FILEPATH>C:\ProgramData\TL-Engine\include\</FILEPATH>
      <FILENAME>3DEngine.h</FILENAME>
      <LINE>57</LINE>
      <COLUMN>11</COLUMN>
    </SFA>
    <DEFECTCODE>26432</DEFECTCODE>
    <DESCRIPTION>If you define or delete any default operation in the type 'class tle::I3DEngine', define or delete them all (c.21).</DESCRIPTION>
    <FUNCTION>tle::I3DEngine::{dtor}</FUNCTION>
    <DECORATED>??1I3DEngine@tle@@UAE@XZ</DECORATED>
    <FUNCLINE>57</FUNCLINE>
    <PATH></PATH>
  </DEFECT><DEFECT>
    <SFA>
      <FILEPATH>C:\OneDrive - Higher Education Commission\other data\System Folders\Desktop\New folder\Project 2\</FILEPATH>
      <FILENAME>Project 2.cpp</FILENAME>
      <LINE>12</LINE>
      <COLUMN>22</COLUMN>
    </SFA>
    <DEFECTCODE>26814</DEFECTCODE>
    <DESCRIPTION>The const variable 'fontColor' can be computed at compile-time. Consider using constexpr (con.5).</DESCRIPTION>
    <FUNCTION>fontColor</FUNCTION>
    <DECORATED>?fontColor@@3HB</DECORATED>
    <FUNCLINE>12</FUNCLINE>
    <PATH></PATH>
  </DEFECT><DEFECT>
    <SFA>
      <FILEPATH>C:\OneDrive - Higher Education Commission\other data\System Folders\Desktop\New folder\Project 2\</FILEPATH>
      <FILENAME>Project 2.cpp</FILENAME>
      <LINE>13</LINE>
      <COLUMN>29</COLUMN>
    </SFA>
    <DEFECTCODE>26814</DEFECTCODE>
    <DESCRIPTION>The const variable 'checkPoint_count' can be computed at compile-time. Consider using constexpr (con.5).</DESCRIPTION>
    <FUNCTION>checkPoint_count</FUNCTION>
    <DECORATED>?checkPoint_count@@3HB</DECORATED>
    <FUNCLINE>13</FUNCLINE>
    <PATH></PATH>
  </DEFECT><DEFECT>
    <SFA>
      <FILEPATH>C:\OneDrive - Higher Education Commission\other data\System Folders\Desktop\New folder\Project 2\</FILEPATH>
      <FILENAME>Project 2.cpp</FILENAME>
      <LINE>13</LINE>
      <COLUMN>45</COLUMN>
    </SFA>
    <DEFECTCODE>26814</DEFECTCODE>
    <DESCRIPTION>The const variable 'isle_count' can be computed at compile-time. Consider using constexpr (con.5).</DESCRIPTION>
    <FUNCTION>isle_count</FUNCTION>
    <DECORATED>?isle_count@@3HB</DECORATED>
    <FUNCLINE>13</FUNCLINE>
    <PATH></PATH>
  </DEFECT><DEFECT>
    <SFA>
      <FILEPATH>C:\OneDrive - Higher Education Commission\other data\System Folders\Desktop\New folder\Project 2\</FILEPATH>
      <FILENAME>Project 2.cpp</FILENAME>
      <LINE>24</LINE>
      <COLUMN>26</COLUMN>
    </SFA>
    <DEFECTCODE>26814</DEFECTCODE>
    <DESCRIPTION>The const variable 'maxRotation' can be computed at compile-time. Consider using constexpr (con.5).</DESCRIPTION>
    <FUNCTION>maxRotation</FUNCTION>
    <DECORATED>?maxRotation@@3MB</DECORATED>
    <FUNCLINE>24</FUNCLINE>
    <PATH></PATH>
  </DEFECT><DEFECT>
    <SFA>
      <FILEPATH>C:\OneDrive - Higher Education Commission\other data\System Folders\Desktop\New folder\Project 2\</FILEPATH>
      <FILENAME>Project 2.cpp</FILENAME>
      <LINE>24</LINE>
      <COLUMN>43</COLUMN>
    </SFA>
    <DEFECTCODE>26814</DEFECTCODE>
    <DESCRIPTION>The const variable 'steerAmt' can be computed at compile-time. Consider using constexpr (con.5).</DESCRIPTION>
    <FUNCTION>steerAmt</FUNCTION>
    <DECORATED>?steerAmt@@3MB</DECORATED>
    <FUNCLINE>24</FUNCLINE>
    <PATH></PATH>
  </DEFECT><DEFECT>
    <SFA>
      <FILEPATH>C:\OneDrive - Higher Education Commission\other data\System Folders\Desktop\New folder\Project 2\</FILEPATH>
      <FILENAME>Project 2.cpp</FILENAME>
      <LINE>24</LINE>
      <COLUMN>62</COLUMN>
    </SFA>
    <DEFECTCODE>26814</DEFECTCODE>
    <DESCRIPTION>The const variable 'carGround' can be computed at compile-time. Consider using constexpr (con.5).</DESCRIPTION>
    <FUNCTION>carGround</FUNCTION>
    <DECORATED>?carGround@@3MB</DECORATED>
    <FUNCLINE>24</FUNCLINE>
    <PATH></PATH>
  </DEFECT><DEFECT>
    <SFA>
      <FILEPATH>C:\OneDrive - Higher Education Commission\other data\System Folders\Desktop\New folder\Project 2\</FILEPATH>
      <FILENAME>Project 2.cpp</FILENAME>
      <LINE>26</LINE>
      <COLUMN>23</COLUMN>
    </SFA>
    <DEFECTCODE>26814</DEFECTCODE>
    <DESCRIPTION>The const variable 'objFloor' can be computed at compile-time. Consider using constexpr (con.5).</DESCRIPTION>
    <FUNCTION>objFloor</FUNCTION>
    <DECORATED>?objFloor@@3MB</DECORATED>
    <FUNCLINE>26</FUNCLINE>
    <PATH></PATH>
  </DEFECT><DEFECT>
    <SFA>
      <FILEPATH>C:\OneDrive - Higher Education Commission\other data\System Folders\Desktop\New folder\Project 2\</FILEPATH>
      <FILENAME>Project 2.cpp</FILENAME>
      <LINE>27</LINE>
      <COLUMN>24</COLUMN>
    </SFA>
    <DEFECTCODE>26814</DEFECTCODE>
    <DESCRIPTION>The const variable 'isleWidth' can be computed at compile-time. Consider using constexpr (con.5).</DESCRIPTION>
    <FUNCTION>isleWidth</FUNCTION>
    <DECORATED>?isleWidth@@3MB</DECORATED>
    <FUNCLINE>27</FUNCLINE>
    <PATH></PATH>
  </DEFECT><DEFECT>
    <SFA>
      <FILEPATH>C:\OneDrive - Higher Education Commission\other data\System Folders\Desktop\New folder\Project 2\</FILEPATH>
      <FILENAME>Project 2.cpp</FILENAME>
      <LINE>27</LINE>
      <COLUMN>44</COLUMN>
    </SFA>
    <DEFECTCODE>26814</DEFECTCODE>
    <DESCRIPTION>The const variable 'isleLength' can be computed at compile-time. Consider using constexpr (con.5).</DESCRIPTION>
    <FUNCTION>isleLength</FUNCTION>
    <DECORATED>?isleLength@@3MB</DECORATED>
    <FUNCLINE>27</FUNCLINE>
    <PATH></PATH>
  </DEFECT><DEFECT>
    <SFA>
      <FILEPATH>C:\OneDrive - Higher Education Commission\other data\System Folders\Desktop\New folder\Project 2\</FILEPATH>
      <FILENAME>Project 2.cpp</FILENAME>
      <LINE>31</LINE>
      <COLUMN>23</COLUMN>
    </SFA>
    <DEFECTCODE>26814</DEFECTCODE>
    <DESCRIPTION>The const variable 'cpLength' can be computed at compile-time. Consider using constexpr (con.5).</DESCRIPTION>
    <FUNCTION>cpLength</FUNCTION>
    <DECORATED>?cpLength@@3MB</DECORATED>
    <FUNCLINE>31</FUNCLINE>
    <PATH></PATH>
  </DEFECT><DEFECT>
    <SFA>
      <FILEPATH>C:\OneDrive - Higher Education Commission\other data\System Folders\Desktop\New folder\Project 2\</FILEPATH>
      <FILENAME>Project 2.cpp</FILENAME>
      <LINE>31</LINE>
      <COLUMN>40</COLUMN>
    </SFA>
    <DEFECTCODE>26814</DEFECTCODE>
    <DESCRIPTION>The const variable 'cpWidth' can be computed at compile-time. Consider using constexpr (con.5).</DESCRIPTION>
    <FUNCTION>cpWidth</FUNCTION>
    <DECORATED>?cpWidth@@3MB</DECORATED>
    <FUNCLINE>31</FUNCLINE>
    <PATH></PATH>
  </DEFECT><DEFECT>
    <SFA>
      <FILEPATH>C:\OneDrive - Higher Education Commission\other data\System Folders\Desktop\New folder\Project 2\</FILEPATH>
      <FILENAME>Project 2.cpp</FILENAME>
      <LINE>42</LINE>
      <COLUMN>34</COLUMN>
    </SFA>
    <DEFECTCODE>26814</DEFECTCODE>
    <DESCRIPTION>The const variable 'cameraForwardsLimit' can be computed at compile-time. Consider using constexpr (con.5).</DESCRIPTION>
    <FUNCTION>cameraForwardsLimit</FUNCTION>
    <DECORATED>?cameraForwardsLimit@@3MB</DECORATED>
    <FUNCLINE>42</FUNCLINE>
    <PATH></PATH>
  </DEFECT><DEFECT>
    <SFA>
      <FILEPATH>C:\OneDrive - Higher Education Commission\other data\System Folders\Desktop\New folder\Project 2\</FILEPATH>
      <FILENAME>Project 2.cpp</FILENAME>
      <LINE>42</LINE>
      <COLUMN>65</COLUMN>
    </SFA>
    <DEFECTCODE>26814</DEFECTCODE>
    <DESCRIPTION>The const variable 'cameraBackwardsLimit' can be computed at compile-time. Consider using constexpr (con.5).</DESCRIPTION>
    <FUNCTION>cameraBackwardsLimit</FUNCTION>
    <DECORATED>?cameraBackwardsLimit@@3MB</DECORATED>
    <FUNCLINE>42</FUNCLINE>
    <PATH></PATH>
  </DEFECT><DEFECT>
    <SFA>
      <FILEPATH>C:\OneDrive - Higher Education Commission\other data\System Folders\Desktop\New folder\Project 2\</FILEPATH>
      <FILENAME>Project 2.cpp</FILENAME>
      <LINE>42</LINE>
      <COLUMN>92</COLUMN>
    </SFA>
    <DEFECTCODE>26814</DEFECTCODE>
    <DESCRIPTION>The const variable 'cameraLeftLimit' can be computed at compile-time. Consider using constexpr (con.5).</DESCRIPTION>
    <FUNCTION>cameraLeftLimit</FUNCTION>
    <DECORATED>?cameraLeftLimit@@3MB</DECORATED>
    <FUNCLINE>42</FUNCLINE>
    <PATH></PATH>
  </DEFECT><DEFECT>
    <SFA>
      <FILEPATH>C:\OneDrive - Higher Education Commission\other data\System Folders\Desktop\New folder\Project 2\</FILEPATH>
      <FILENAME>Project 2.cpp</FILENAME>
      <LINE>43</LINE>
      <COLUMN>31</COLUMN>
    </SFA>
    <DEFECTCODE>26814</DEFECTCODE>
    <DESCRIPTION>The const variable 'cameraRightLimit' can be computed at compile-time. Consider using constexpr (con.5).</DESCRIPTION>
    <FUNCTION>cameraRightLimit</FUNCTION>
    <DECORATED>?cameraRightLimit@@3MB</DECORATED>
    <FUNCLINE>43</FUNCLINE>
    <PATH></PATH>
  </DEFECT><DEFECT>
    <SFA>
      <FILEPATH>C:\OneDrive - Higher Education Commission\other data\System Folders\Desktop\New folder\Project 2\</FILEPATH>
      <FILENAME>Project 2.cpp</FILENAME>
      <LINE>43</LINE>
      <COLUMN>53</COLUMN>
    </SFA>
    <DEFECTCODE>26814</DEFECTCODE>
    <DESCRIPTION>The const variable 'cameraSpeed' can be computed at compile-time. Consider using constexpr (con.5).</DESCRIPTION>
    <FUNCTION>cameraSpeed</FUNCTION>
    <DECORATED>?cameraSpeed@@3MB</DECORATED>
    <FUNCLINE>43</FUNCLINE>
    <PATH></PATH>
  </DEFECT><DEFECT>
    <SFA>
      <FILEPATH>C:\OneDrive - Higher Education Commission\other data\System Folders\Desktop\New folder\Project 2\</FILEPATH>
      <FILENAME>Project 2.cpp</FILENAME>
      <LINE>47</LINE>
      <COLUMN>47</COLUMN>
    </SFA>
    <DEFECTCODE>26446</DEFECTCODE>
    <DESCRIPTION>Prefer to use gsl::at() instead of unchecked subscript operator (bounds.4).</DESCRIPTION>
    <FUNCTION>isSatgeCompleted</FUNCTION>
    <DECORATED>?isSatgeCompleted@@YAXH@Z</DECORATED>
    <FUNCLINE>45</FUNCLINE>
    <PATH></PATH>
  </DEFECT><DEFECT>
    <SFA>
      <FILEPATH>C:\OneDrive - Higher Education Commission\other data\System Folders\Desktop\New folder\Project 2\</FILEPATH>
      <FILENAME>Project 2.cpp</FILENAME>
      <LINE>47</LINE>
      <COLUMN>94</COLUMN>
    </SFA>
    <DEFECTCODE>26446</DEFECTCODE>
    <DESCRIPTION>Prefer to use gsl::at() instead of unchecked subscript operator (bounds.4).</DESCRIPTION>
    <FUNCTION>isSatgeCompleted</FUNCTION>
    <DECORATED>?isSatgeCompleted@@YAXH@Z</DECORATED>
    <FUNCLINE>45</FUNCLINE>
    <PATH></PATH>
  </DEFECT><DEFECT>
    <SFA>
      <FILEPATH>C:\OneDrive - Higher Education Commission\other data\System Folders\Desktop\New folder\Project 2\</FILEPATH>
      <FILENAME>Project 2.cpp</FILENAME>
      <LINE>48</LINE>
      <COLUMN>44</COLUMN>
    </SFA>
    <DEFECTCODE>26446</DEFECTCODE>
    <DESCRIPTION>Prefer to use gsl::at() instead of unchecked subscript operator (bounds.4).</DESCRIPTION>
    <FUNCTION>isSatgeCompleted</FUNCTION>
    <DECORATED>?isSatgeCompleted@@YAXH@Z</DECORATED>
    <FUNCLINE>45</FUNCLINE>
    <PATH></PATH>
  </DEFECT><DEFECT>
    <SFA>
      <FILEPATH>C:\OneDrive - Higher Education Commission\other data\System Folders\Desktop\New folder\Project 2\</FILEPATH>
      <FILENAME>Project 2.cpp</FILENAME>
      <LINE>48</LINE>
      <COLUMN>91</COLUMN>
    </SFA>
    <DEFECTCODE>26446</DEFECTCODE>
    <DESCRIPTION>Prefer to use gsl::at() instead of unchecked subscript operator (bounds.4).</DESCRIPTION>
    <FUNCTION>isSatgeCompleted</FUNCTION>
    <DECORATED>?isSatgeCompleted@@YAXH@Z</DECORATED>
    <FUNCLINE>45</FUNCLINE>
    <PATH></PATH>
  </DEFECT><DEFECT>
    <SFA>
      <FILEPATH>C:\OneDrive - Higher Education Commission\other data\System Folders\Desktop\New folder\Project 2\</FILEPATH>
      <FILENAME>Project 2.cpp</FILENAME>
      <LINE>47</LINE>
      <COLUMN>19</COLUMN>
    </SFA>
    <DEFECTCODE>26482</DEFECTCODE>
    <DESCRIPTION>Only index into arrays using constant expressions (bounds.2).</DESCRIPTION>
    <FUNCTION>isSatgeCompleted</FUNCTION>
    <DECORATED>?isSatgeCompleted@@YAXH@Z</DECORATED>
    <FUNCLINE>45</FUNCLINE>
    <PATH></PATH>
  </DEFECT><DEFECT>
    <SFA>
      <FILEPATH>C:\OneDrive - Higher Education Commission\other data\System Folders\Desktop\New folder\Project 2\</FILEPATH>
      <FILENAME>Project 2.cpp</FILENAME>
      <LINE>47</LINE>
      <COLUMN>66</COLUMN>
    </SFA>
    <DEFECTCODE>26482</DEFECTCODE>
    <DESCRIPTION>Only index into arrays using constant expressions (bounds.2).</DESCRIPTION>
    <FUNCTION>isSatgeCompleted</FUNCTION>
    <DECORATED>?isSatgeCompleted@@YAXH@Z</DECORATED>
    <FUNCLINE>45</FUNCLINE>
    <PATH></PATH>
  </DEFECT><DEFECT>
    <SFA>
      <FILEPATH>C:\OneDrive - Higher Education Commission\other data\System Folders\Desktop\New folder\Project 2\</FILEPATH>
      <FILENAME>Project 2.cpp</FILENAME>
      <LINE>48</LINE>
      <COLUMN>16</COLUMN>
    </SFA>
    <DEFECTCODE>26482</DEFECTCODE>
    <DESCRIPTION>Only index into arrays using constant expressions (bounds.2).</DESCRIPTION>
    <FUNCTION>isSatgeCompleted</FUNCTION>
    <DECORATED>?isSatgeCompleted@@YAXH@Z</DECORATED>
    <FUNCLINE>45</FUNCLINE>
    <PATH></PATH>
  </DEFECT><DEFECT>
    <SFA>
      <FILEPATH>C:\OneDrive - Higher Education Commission\other data\System Folders\Desktop\New folder\Project 2\</FILEPATH>
      <FILENAME>Project 2.cpp</FILENAME>
      <LINE>48</LINE>
      <COLUMN>63</COLUMN>
    </SFA>
    <DEFECTCODE>26482</DEFECTCODE>
    <DESCRIPTION>Only index into arrays using constant expressions (bounds.2).</DESCRIPTION>
    <FUNCTION>isSatgeCompleted</FUNCTION>
    <DECORATED>?isSatgeCompleted@@YAXH@Z</DECORATED>
    <FUNCLINE>45</FUNCLINE>
    <PATH></PATH>
  </DEFECT><DEFECT>
    <SFA>
      <FILEPATH>C:\OneDrive - Higher Education Commission\other data\System Folders\Desktop\New folder\Project 2\</FILEPATH>
      <FILENAME>Project 2.cpp</FILENAME>
      <LINE>55</LINE>
      <COLUMN>5</COLUMN>
    </SFA>
    <DEFECTCODE>26429</DEFECTCODE>
    <DESCRIPTION>Symbol 'gameFont' is never tested for nullness, it can be marked as not_null (f.23).</DESCRIPTION>
    <FUNCTION>printGameCompletedStage</FUNCTION>
    <DECORATED>?printGameCompletedStage@@YAXPAVIFont@tle@@@Z</DECORATED>
    <FUNCLINE>55</FUNCLINE>
    <PATH></PATH>
  </DEFECT><DEFECT>
    <SFA>
      <FILEPATH>C:\OneDrive - Higher Education Commission\other data\System Folders\Desktop\New folder\Project 2\</FILEPATH>
      <FILENAME>Project 2.cpp</FILENAME>
      <LINE>76</LINE>
      <COLUMN>5</COLUMN>
    </SFA>
    <DEFECTCODE>26429</DEFECTCODE>
    <DESCRIPTION>Symbol 'gameFont' is never tested for nullness, it can be marked as not_null (f.23).</DESCRIPTION>
    <FUNCTION>printCarSpeed</FUNCTION>
    <DECORATED>?printCarSpeed@@YAXPAVIFont@tle@@@Z</DECORATED>
    <FUNCLINE>76</FUNCLINE>
    <PATH></PATH>
  </DEFECT><DEFECT>
    <SFA>
      <FILEPATH>C:\OneDrive - Higher Education Commission\other data\System Folders\Desktop\New folder\Project 2\</FILEPATH>
      <FILENAME>Project 2.cpp</FILENAME>
      <LINE>86</LINE>
      <COLUMN>5</COLUMN>
    </SFA>
    <DEFECTCODE>26440</DEFECTCODE>
    <DESCRIPTION>Function 'stop_car' can be declared 'noexcept' (f.6).</DESCRIPTION>
    <FUNCTION>stop_car</FUNCTION>
    <DECORATED>?stop_car@@YAXXZ</DECORATED>
    <FUNCLINE>86</FUNCLINE>
    <PATH></PATH>
  </DEFECT><DEFECT>
    <SFA>
      <FILEPATH>C:\OneDrive - Higher Education Commission\other data\System Folders\Desktop\New folder\Project 2\</FILEPATH>
      <FILENAME>Project 2.cpp</FILENAME>
      <LINE>115</LINE>
      <COLUMN>5</COLUMN>
    </SFA>
    <DEFECTCODE>26440</DEFECTCODE>
    <DESCRIPTION>Function 'remove_rotation' can be declared 'noexcept' (f.6).</DESCRIPTION>
    <FUNCTION>remove_rotation</FUNCTION>
    <DECORATED>?remove_rotation@@YAXXZ</DECORATED>
    <FUNCLINE>115</FUNCLINE>
    <PATH></PATH>
  </DEFECT><DEFECT>
    <SFA>
      <FILEPATH>C:\OneDrive - Higher Education Commission\other data\System Folders\Desktop\New folder\Project 2\</FILEPATH>
      <FILENAME>Project 2.cpp</FILENAME>
      <LINE>123</LINE>
      <COLUMN>7</COLUMN>
    </SFA>
    <DEFECTCODE>26494</DEFECTCODE>
    <DESCRIPTION>Variable 'bank' is uninitialized. Always initialize an object (type.5).</DESCRIPTION>
    <FUNCTION>update_car</FUNCTION>
    <DECORATED>?update_car@@YAXXZ</DECORATED>
    <FUNCLINE>121</FUNCLINE>
    <ADDITIONALINFO>
      <targetSymbol>bank</targetSymbol>
    </ADDITIONALINFO>
    <PATH></PATH>
  </DEFECT><DEFECT>
    <SFA>
      <FILEPATH>C:\OneDrive - Higher Education Commission\other data\System Folders\Desktop\New folder\Project 2\</FILEPATH>
      <FILENAME>Project 2.cpp</FILENAME>
      <LINE>123</LINE>
      <COLUMN>13</COLUMN>
    </SFA>
    <DEFECTCODE>26494</DEFECTCODE>
    <DESCRIPTION>Variable 'angle' is uninitialized. Always initialize an object (type.5).</DESCRIPTION>
    <FUNCTION>update_car</FUNCTION>
    <DECORATED>?update_car@@YAXXZ</DECORATED>
    <FUNCLINE>121</FUNCLINE>
    <ADDITIONALINFO>
      <targetSymbol>angle</targetSymbol>
    </ADDITIONALINFO>
    <PATH></PATH>
  </DEFECT><DEFECT>
    <SFA>
      <FILEPATH>C:\OneDrive - Higher Education Commission\other data\System Folders\Desktop\New folder\Project 2\</FILEPATH>
      <FILENAME>Project 2.cpp</FILENAME>
      <LINE>160</LINE>
      <COLUMN>21</COLUMN>
    </SFA>
    <DEFECTCODE>26446</DEFECTCODE>
    <DESCRIPTION>Prefer to use gsl::at() instead of unchecked subscript operator (bounds.4).</DESCRIPTION>
    <FUNCTION>main</FUNCTION>
    <DECORATED>main</DECORATED>
    <FUNCLINE>138</FUNCLINE>
    <PATH></PATH>
  </DEFECT><DEFECT>
    <SFA>
      <FILEPATH>C:\OneDrive - Higher Education Commission\other data\System Folders\Desktop\New folder\Project 2\</FILEPATH>
      <FILENAME>Project 2.cpp</FILENAME>
      <LINE>161</LINE>
      <COLUMN>42</COLUMN>
    </SFA>
    <DEFECTCODE>26446</DEFECTCODE>
    <DESCRIPTION>Prefer to use gsl::at() instead of unchecked subscript operator (bounds.4).</DESCRIPTION>
    <FUNCTION>main</FUNCTION>
    <DECORATED>main</DECORATED>
    <FUNCLINE>138</FUNCLINE>
    <PATH></PATH>
  </DEFECT><DEFECT>
    <SFA>
      <FILEPATH>C:\OneDrive - Higher Education Commission\other data\System Folders\Desktop\New folder\Project 2\</FILEPATH>
      <FILENAME>Project 2.cpp</FILENAME>
      <LINE>161</LINE>
      <COLUMN>19</COLUMN>
    </SFA>
    <DEFECTCODE>26446</DEFECTCODE>
    <DESCRIPTION>Prefer to use gsl::at() instead of unchecked subscript operator (bounds.4).</DESCRIPTION>
    <FUNCTION>main</FUNCTION>
    <DECORATED>main</DECORATED>
    <FUNCLINE>138</FUNCLINE>
    <PATH></PATH>
  </DEFECT><DEFECT>
    <SFA>
      <FILEPATH>C:\OneDrive - Higher Education Commission\other data\System Folders\Desktop\New folder\Project 2\</FILEPATH>
      <FILENAME>Project 2.cpp</FILENAME>
      <LINE>162</LINE>
      <COLUMN>42</COLUMN>
    </SFA>
    <DEFECTCODE>26446</DEFECTCODE>
    <DESCRIPTION>Prefer to use gsl::at() instead of unchecked subscript operator (bounds.4).</DESCRIPTION>
    <FUNCTION>main</FUNCTION>
    <DECORATED>main</DECORATED>
    <FUNCLINE>138</FUNCLINE>
    <PATH></PATH>
  </DEFECT><DEFECT>
    <SFA>
      <FILEPATH>C:\OneDrive - Higher Education Commission\other data\System Folders\Desktop\New folder\Project 2\</FILEPATH>
      <FILENAME>Project 2.cpp</FILENAME>
      <LINE>162</LINE>
      <COLUMN>19</COLUMN>
    </SFA>
    <DEFECTCODE>26446</DEFECTCODE>
    <DESCRIPTION>Prefer to use gsl::at() instead of unchecked subscript operator (bounds.4).</DESCRIPTION>
    <FUNCTION>main</FUNCTION>
    <DECORATED>main</DECORATED>
    <FUNCLINE>138</FUNCLINE>
    <PATH></PATH>
  </DEFECT><DEFECT>
    <SFA>
      <FILEPATH>C:\OneDrive - Higher Education Commission\other data\System Folders\Desktop\New folder\Project 2\</FILEPATH>
      <FILENAME>Project 2.cpp</FILENAME>
      <LINE>163</LINE>
      <COLUMN>42</COLUMN>
    </SFA>
    <DEFECTCODE>26446</DEFECTCODE>
    <DESCRIPTION>Prefer to use gsl::at() instead of unchecked subscript operator (bounds.4).</DESCRIPTION>
    <FUNCTION>main</FUNCTION>
    <DECORATED>main</DECORATED>
    <FUNCLINE>138</FUNCLINE>
    <PATH></PATH>
  </DEFECT><DEFECT>
    <SFA>
      <FILEPATH>C:\OneDrive - Higher Education Commission\other data\System Folders\Desktop\New folder\Project 2\</FILEPATH>
      <FILENAME>Project 2.cpp</FILENAME>
      <LINE>163</LINE>
      <COLUMN>19</COLUMN>
    </SFA>
    <DEFECTCODE>26446</DEFECTCODE>
    <DESCRIPTION>Prefer to use gsl::at() instead of unchecked subscript operator (bounds.4).</DESCRIPTION>
    <FUNCTION>main</FUNCTION>
    <DECORATED>main</DECORATED>
    <FUNCLINE>138</FUNCLINE>
    <PATH></PATH>
  </DEFECT><DEFECT>
    <SFA>
      <FILEPATH>C:\OneDrive - Higher Education Commission\other data\System Folders\Desktop\New folder\Project 2\</FILEPATH>
      <FILENAME>Project 2.cpp</FILENAME>
      <LINE>164</LINE>
      <COLUMN>42</COLUMN>
    </SFA>
    <DEFECTCODE>26446</DEFECTCODE>
    <DESCRIPTION>Prefer to use gsl::at() instead of unchecked subscript operator (bounds.4).</DESCRIPTION>
    <FUNCTION>main</FUNCTION>
    <DECORATED>main</DECORATED>
    <FUNCLINE>138</FUNCLINE>
    <PATH></PATH>
  </DEFECT><DEFECT>
    <SFA>
      <FILEPATH>C:\OneDrive - Higher Education Commission\other data\System Folders\Desktop\New folder\Project 2\</FILEPATH>
      <FILENAME>Project 2.cpp</FILENAME>
      <LINE>164</LINE>
      <COLUMN>19</COLUMN>
    </SFA>
    <DEFECTCODE>26446</DEFECTCODE>
    <DESCRIPTION>Prefer to use gsl::at() instead of unchecked subscript operator (bounds.4).</DESCRIPTION>
    <FUNCTION>main</FUNCTION>
    <DECORATED>main</DECORATED>
    <FUNCLINE>138</FUNCLINE>
    <PATH></PATH>
  </DEFECT><DEFECT>
    <SFA>
      <FILEPATH>C:\OneDrive - Higher Education Commission\other data\System Folders\Desktop\New folder\Project 2\</FILEPATH>
      <FILENAME>Project 2.cpp</FILENAME>
      <LINE>165</LINE>
      <COLUMN>39</COLUMN>
    </SFA>
    <DEFECTCODE>26446</DEFECTCODE>
    <DESCRIPTION>Prefer to use gsl::at() instead of unchecked subscript operator (bounds.4).</DESCRIPTION>
    <FUNCTION>main</FUNCTION>
    <DECORATED>main</DECORATED>
    <FUNCLINE>138</FUNCLINE>
    <PATH></PATH>
  </DEFECT><DEFECT>
    <SFA>
      <FILEPATH>C:\OneDrive - Higher Education Commission\other data\System Folders\Desktop\New folder\Project 2\</FILEPATH>
      <FILENAME>Project 2.cpp</FILENAME>
      <LINE>165</LINE>
      <COLUMN>16</COLUMN>
    </SFA>
    <DEFECTCODE>26446</DEFECTCODE>
    <DESCRIPTION>Prefer to use gsl::at() instead of unchecked subscript operator (bounds.4).</DESCRIPTION>
    <FUNCTION>main</FUNCTION>
    <DECORATED>main</DECORATED>
    <FUNCLINE>138</FUNCLINE>
    <PATH></PATH>
  </DEFECT><DEFECT>
    <SFA>
      <FILEPATH>C:\OneDrive - Higher Education Commission\other data\System Folders\Desktop\New folder\Project 2\</FILEPATH>
      <FILENAME>Project 2.cpp</FILENAME>
      <LINE>166</LINE>
      <COLUMN>39</COLUMN>
    </SFA>
    <DEFECTCODE>26446</DEFECTCODE>
    <DESCRIPTION>Prefer to use gsl::at() instead of unchecked subscript operator (bounds.4).</DESCRIPTION>
    <FUNCTION>main</FUNCTION>
    <DECORATED>main</DECORATED>
    <FUNCLINE>138</FUNCLINE>
    <PATH></PATH>
  </DEFECT><DEFECT>
    <SFA>
      <FILEPATH>C:\OneDrive - Higher Education Commission\other data\System Folders\Desktop\New folder\Project 2\</FILEPATH>
      <FILENAME>Project 2.cpp</FILENAME>
      <LINE>166</LINE>
      <COLUMN>16</COLUMN>
    </SFA>
    <DEFECTCODE>26446</DEFECTCODE>
    <DESCRIPTION>Prefer to use gsl::at() instead of unchecked subscript operator (bounds.4).</DESCRIPTION>
    <FUNCTION>main</FUNCTION>
    <DECORATED>main</DECORATED>
    <FUNCLINE>138</FUNCLINE>
    <PATH></PATH>
  </DEFECT><DEFECT>
    <SFA>
      <FILEPATH>C:\OneDrive - Higher Education Commission\other data\System Folders\Desktop\New folder\Project 2\</FILEPATH>
      <FILENAME>Project 2.cpp</FILENAME>
      <LINE>167</LINE>
      <COLUMN>39</COLUMN>
    </SFA>
    <DEFECTCODE>26446</DEFECTCODE>
    <DESCRIPTION>Prefer to use gsl::at() instead of unchecked subscript operator (bounds.4).</DESCRIPTION>
    <FUNCTION>main</FUNCTION>
    <DECORATED>main</DECORATED>
    <FUNCLINE>138</FUNCLINE>
    <PATH></PATH>
  </DEFECT><DEFECT>
    <SFA>
      <FILEPATH>C:\OneDrive - Higher Education Commission\other data\System Folders\Desktop\New folder\Project 2\</FILEPATH>
      <FILENAME>Project 2.cpp</FILENAME>
      <LINE>167</LINE>
      <COLUMN>16</COLUMN>
    </SFA>
    <DEFECTCODE>26446</DEFECTCODE>
    <DESCRIPTION>Prefer to use gsl::at() instead of unchecked subscript operator (bounds.4).</DESCRIPTION>
    <FUNCTION>main</FUNCTION>
    <DECORATED>main</DECORATED>
    <FUNCLINE>138</FUNCLINE>
    <PATH></PATH>
  </DEFECT><DEFECT>
    <SFA>
      <FILEPATH>C:\OneDrive - Higher Education Commission\other data\System Folders\Desktop\New folder\Project 2\</FILEPATH>
      <FILENAME>Project 2.cpp</FILENAME>
      <LINE>168</LINE>
      <COLUMN>39</COLUMN>
    </SFA>
    <DEFECTCODE>26446</DEFECTCODE>
    <DESCRIPTION>Prefer to use gsl::at() instead of unchecked subscript operator (bounds.4).</DESCRIPTION>
    <FUNCTION>main</FUNCTION>
    <DECORATED>main</DECORATED>
    <FUNCLINE>138</FUNCLINE>
    <PATH></PATH>
  </DEFECT><DEFECT>
    <SFA>
      <FILEPATH>C:\OneDrive - Higher Education Commission\other data\System Folders\Desktop\New folder\Project 2\</FILEPATH>
      <FILENAME>Project 2.cpp</FILENAME>
      <LINE>168</LINE>
      <COLUMN>16</COLUMN>
    </SFA>
    <DEFECTCODE>26446</DEFECTCODE>
    <DESCRIPTION>Prefer to use gsl::at() instead of unchecked subscript operator (bounds.4).</DESCRIPTION>
    <FUNCTION>main</FUNCTION>
    <DECORATED>main</DECORATED>
    <FUNCLINE>138</FUNCLINE>
    <PATH></PATH>
  </DEFECT><DEFECT>
    <SFA>
      <FILEPATH>C:\OneDrive - Higher Education Commission\other data\System Folders\Desktop\New folder\Project 2\</FILEPATH>
      <FILENAME>Project 2.cpp</FILENAME>
      <LINE>169</LINE>
      <COLUMN>40</COLUMN>
    </SFA>
    <DEFECTCODE>26446</DEFECTCODE>
    <DESCRIPTION>Prefer to use gsl::at() instead of unchecked subscript operator (bounds.4).</DESCRIPTION>
    <FUNCTION>main</FUNCTION>
    <DECORATED>main</DECORATED>
    <FUNCLINE>138</FUNCLINE>
    <PATH></PATH>
  </DEFECT><DEFECT>
    <SFA>
      <FILEPATH>C:\OneDrive - Higher Education Commission\other data\System Folders\Desktop\New folder\Project 2\</FILEPATH>
      <FILENAME>Project 2.cpp</FILENAME>
      <LINE>169</LINE>
      <COLUMN>17</COLUMN>
    </SFA>
    <DEFECTCODE>26446</DEFECTCODE>
    <DESCRIPTION>Prefer to use gsl::at() instead of unchecked subscript operator (bounds.4).</DESCRIPTION>
    <FUNCTION>main</FUNCTION>
    <DECORATED>main</DECORATED>
    <FUNCLINE>138</FUNCLINE>
    <PATH></PATH>
  </DEFECT><DEFECT>
    <SFA>
      <FILEPATH>C:\OneDrive - Higher Education Commission\other data\System Folders\Desktop\New folder\Project 2\</FILEPATH>
      <FILENAME>Project 2.cpp</FILENAME>
      <LINE>170</LINE>
      <COLUMN>40</COLUMN>
    </SFA>
    <DEFECTCODE>26446</DEFECTCODE>
    <DESCRIPTION>Prefer to use gsl::at() instead of unchecked subscript operator (bounds.4).</DESCRIPTION>
    <FUNCTION>main</FUNCTION>
    <DECORATED>main</DECORATED>
    <FUNCLINE>138</FUNCLINE>
    <PATH></PATH>
  </DEFECT><DEFECT>
    <SFA>
      <FILEPATH>C:\OneDrive - Higher Education Commission\other data\System Folders\Desktop\New folder\Project 2\</FILEPATH>
      <FILENAME>Project 2.cpp</FILENAME>
      <LINE>170</LINE>
      <COLUMN>17</COLUMN>
    </SFA>
    <DEFECTCODE>26446</DEFECTCODE>
    <DESCRIPTION>Prefer to use gsl::at() instead of unchecked subscript operator (bounds.4).</DESCRIPTION>
    <FUNCTION>main</FUNCTION>
    <DECORATED>main</DECORATED>
    <FUNCLINE>138</FUNCLINE>
    <PATH></PATH>
  </DEFECT><DEFECT>
    <SFA>
      <FILEPATH>C:\OneDrive - Higher Education Commission\other data\System Folders\Desktop\New folder\Project 2\</FILEPATH>
      <FILENAME>Project 2.cpp</FILENAME>
      <LINE>171</LINE>
      <COLUMN>40</COLUMN>
    </SFA>
    <DEFECTCODE>26446</DEFECTCODE>
    <DESCRIPTION>Prefer to use gsl::at() instead of unchecked subscript operator (bounds.4).</DESCRIPTION>
    <FUNCTION>main</FUNCTION>
    <DECORATED>main</DECORATED>
    <FUNCLINE>138</FUNCLINE>
    <PATH></PATH>
  </DEFECT><DEFECT>
    <SFA>
      <FILEPATH>C:\OneDrive - Higher Education Commission\other data\System Folders\Desktop\New folder\Project 2\</FILEPATH>
      <FILENAME>Project 2.cpp</FILENAME>
      <LINE>171</LINE>
      <COLUMN>17</COLUMN>
    </SFA>
    <DEFECTCODE>26446</DEFECTCODE>
    <DESCRIPTION>Prefer to use gsl::at() instead of unchecked subscript operator (bounds.4).</DESCRIPTION>
    <FUNCTION>main</FUNCTION>
    <DECORATED>main</DECORATED>
    <FUNCLINE>138</FUNCLINE>
    <PATH></PATH>
  </DEFECT><DEFECT>
    <SFA>
      <FILEPATH>C:\OneDrive - Higher Education Commission\other data\System Folders\Desktop\New folder\Project 2\</FILEPATH>
      <FILENAME>Project 2.cpp</FILENAME>
      <LINE>172</LINE>
      <COLUMN>40</COLUMN>
    </SFA>
    <DEFECTCODE>26446</DEFECTCODE>
    <DESCRIPTION>Prefer to use gsl::at() instead of unchecked subscript operator (bounds.4).</DESCRIPTION>
    <FUNCTION>main</FUNCTION>
    <DECORATED>main</DECORATED>
    <FUNCLINE>138</FUNCLINE>
    <PATH></PATH>
  </DEFECT><DEFECT>
    <SFA>
      <FILEPATH>C:\OneDrive - Higher Education Commission\other data\System Folders\Desktop\New folder\Project 2\</FILEPATH>
      <FILENAME>Project 2.cpp</FILENAME>
      <LINE>172</LINE>
      <COLUMN>17</COLUMN>
    </SFA>
    <DEFECTCODE>26446</DEFECTCODE>
    <DESCRIPTION>Prefer to use gsl::at() instead of unchecked subscript operator (bounds.4).</DESCRIPTION>
    <FUNCTION>main</FUNCTION>
    <DECORATED>main</DECORATED>
    <FUNCLINE>138</FUNCLINE>
    <PATH></PATH>
  </DEFECT><DEFECT>
    <SFA>
      <FILEPATH>C:\OneDrive - Higher Education Commission\other data\System Folders\Desktop\New folder\Project 2\</FILEPATH>
      <FILENAME>Project 2.cpp</FILENAME>
      <LINE>184</LINE>
      <COLUMN>31</COLUMN>
    </SFA>
    <DEFECTCODE>26446</DEFECTCODE>
    <DESCRIPTION>Prefer to use gsl::at() instead of unchecked subscript operator (bounds.4).</DESCRIPTION>
    <FUNCTION>main</FUNCTION>
    <DECORATED>main</DECORATED>
    <FUNCLINE>138</FUNCLINE>
    <PATH></PATH>
  </DEFECT><DEFECT>
    <SFA>
      <FILEPATH>C:\OneDrive - Higher Education Commission\other data\System Folders\Desktop\New folder\Project 2\</FILEPATH>
      <FILENAME>Project 2.cpp</FILENAME>
      <LINE>184</LINE>
      <COLUMN>14</COLUMN>
    </SFA>
    <DEFECTCODE>26446</DEFECTCODE>
    <DESCRIPTION>Prefer to use gsl::at() instead of unchecked subscript operator (bounds.4).</DESCRIPTION>
    <FUNCTION>main</FUNCTION>
    <DECORATED>main</DECORATED>
    <FUNCLINE>138</FUNCLINE>
    <PATH></PATH>
  </DEFECT><DEFECT>
    <SFA>
      <FILEPATH>C:\OneDrive - Higher Education Commission\other data\System Folders\Desktop\New folder\Project 2\</FILEPATH>
      <FILENAME>Project 2.cpp</FILENAME>
      <LINE>185</LINE>
      <COLUMN>31</COLUMN>
    </SFA>
    <DEFECTCODE>26446</DEFECTCODE>
    <DESCRIPTION>Prefer to use gsl::at() instead of unchecked subscript operator (bounds.4).</DESCRIPTION>
    <FUNCTION>main</FUNCTION>
    <DECORATED>main</DECORATED>
    <FUNCLINE>138</FUNCLINE>
    <PATH></PATH>
  </DEFECT><DEFECT>
    <SFA>
      <FILEPATH>C:\OneDrive - Higher Education Commission\other data\System Folders\Desktop\New folder\Project 2\</FILEPATH>
      <FILENAME>Project 2.cpp</FILENAME>
      <LINE>185</LINE>
      <COLUMN>14</COLUMN>
    </SFA>
    <DEFECTCODE>26446</DEFECTCODE>
    <DESCRIPTION>Prefer to use gsl::at() instead of unchecked subscript operator (bounds.4).</DESCRIPTION>
    <FUNCTION>main</FUNCTION>
    <DECORATED>main</DECORATED>
    <FUNCLINE>138</FUNCLINE>
    <PATH></PATH>
  </DEFECT><DEFECT>
    <SFA>
      <FILEPATH>C:\OneDrive - Higher Education Commission\other data\System Folders\Desktop\New folder\Project 2\</FILEPATH>
      <FILENAME>Project 2.cpp</FILENAME>
      <LINE>186</LINE>
      <COLUMN>31</COLUMN>
    </SFA>
    <DEFECTCODE>26446</DEFECTCODE>
    <DESCRIPTION>Prefer to use gsl::at() instead of unchecked subscript operator (bounds.4).</DESCRIPTION>
    <FUNCTION>main</FUNCTION>
    <DECORATED>main</DECORATED>
    <FUNCLINE>138</FUNCLINE>
    <PATH></PATH>
  </DEFECT><DEFECT>
    <SFA>
      <FILEPATH>C:\OneDrive - Higher Education Commission\other data\System Folders\Desktop\New folder\Project 2\</FILEPATH>
      <FILENAME>Project 2.cpp</FILENAME>
      <LINE>186</LINE>
      <COLUMN>14</COLUMN>
    </SFA>
    <DEFECTCODE>26446</DEFECTCODE>
    <DESCRIPTION>Prefer to use gsl::at() instead of unchecked subscript operator (bounds.4).</DESCRIPTION>
    <FUNCTION>main</FUNCTION>
    <DECORATED>main</DECORATED>
    <FUNCLINE>138</FUNCLINE>
    <PATH></PATH>
  </DEFECT><DEFECT>
    <SFA>
      <FILEPATH>C:\OneDrive - Higher Education Commission\other data\System Folders\Desktop\New folder\Project 2\</FILEPATH>
      <FILENAME>Project 2.cpp</FILENAME>
      <LINE>187</LINE>
      <COLUMN>31</COLUMN>
    </SFA>
    <DEFECTCODE>26446</DEFECTCODE>
    <DESCRIPTION>Prefer to use gsl::at() instead of unchecked subscript operator (bounds.4).</DESCRIPTION>
    <FUNCTION>main</FUNCTION>
    <DECORATED>main</DECORATED>
    <FUNCLINE>138</FUNCLINE>
    <PATH></PATH>
  </DEFECT><DEFECT>
    <SFA>
      <FILEPATH>C:\OneDrive - Higher Education Commission\other data\System Folders\Desktop\New folder\Project 2\</FILEPATH>
      <FILENAME>Project 2.cpp</FILENAME>
      <LINE>187</LINE>
      <COLUMN>14</COLUMN>
    </SFA>
    <DEFECTCODE>26446</DEFECTCODE>
    <DESCRIPTION>Prefer to use gsl::at() instead of unchecked subscript operator (bounds.4).</DESCRIPTION>
    <FUNCTION>main</FUNCTION>
    <DECORATED>main</DECORATED>
    <FUNCLINE>138</FUNCLINE>
    <PATH></PATH>
  </DEFECT><DEFECT>
    <SFA>
      <FILEPATH>C:\OneDrive - Higher Education Commission\other data\System Folders\Desktop\New folder\Project 2\</FILEPATH>
      <FILENAME>Project 2.cpp</FILENAME>
      <LINE>233</LINE>
      <COLUMN>35</COLUMN>
    </SFA>
    <DEFECTCODE>26446</DEFECTCODE>
    <DESCRIPTION>Prefer to use gsl::at() instead of unchecked subscript operator (bounds.4).</DESCRIPTION>
    <FUNCTION>main</FUNCTION>
    <DECORATED>main</DECORATED>
    <FUNCLINE>138</FUNCLINE>
    <PATH></PATH>
  </DEFECT><DEFECT>
    <SFA>
      <FILEPATH>C:\OneDrive - Higher Education Commission\other data\System Folders\Desktop\New folder\Project 2\</FILEPATH>
      <FILENAME>Project 2.cpp</FILENAME>
      <LINE>233</LINE>
      <COLUMN>52</COLUMN>
    </SFA>
    <DEFECTCODE>26446</DEFECTCODE>
    <DESCRIPTION>Prefer to use gsl::at() instead of unchecked subscript operator (bounds.4).</DESCRIPTION>
    <FUNCTION>main</FUNCTION>
    <DECORATED>main</DECORATED>
    <FUNCLINE>138</FUNCLINE>
    <PATH></PATH>
  </DEFECT><DEFECT>
    <SFA>
      <FILEPATH>C:\OneDrive - Higher Education Commission\other data\System Folders\Desktop\New folder\Project 2\</FILEPATH>
      <FILENAME>Project 2.cpp</FILENAME>
      <LINE>233</LINE>
      <COLUMN>69</COLUMN>
    </SFA>
    <DEFECTCODE>26446</DEFECTCODE>
    <DESCRIPTION>Prefer to use gsl::at() instead of unchecked subscript operator (bounds.4).</DESCRIPTION>
    <FUNCTION>main</FUNCTION>
    <DECORATED>main</DECORATED>
    <FUNCLINE>138</FUNCLINE>
    <PATH></PATH>
  </DEFECT><DEFECT>
    <SFA>
      <FILEPATH>C:\OneDrive - Higher Education Commission\other data\System Folders\Desktop\New folder\Project 2\</FILEPATH>
      <FILENAME>Project 2.cpp</FILENAME>
      <LINE>233</LINE>
      <COLUMN>86</COLUMN>
    </SFA>
    <DEFECTCODE>26446</DEFECTCODE>
    <DESCRIPTION>Prefer to use gsl::at() instead of unchecked subscript operator (bounds.4).</DESCRIPTION>
    <FUNCTION>main</FUNCTION>
    <DECORATED>main</DECORATED>
    <FUNCLINE>138</FUNCLINE>
    <PATH></PATH>
  </DEFECT><DEFECT>
    <SFA>
      <FILEPATH>C:\OneDrive - Higher Education Commission\other data\System Folders\Desktop\New folder\Project 2\</FILEPATH>
      <FILENAME>Project 2.cpp</FILENAME>
      <LINE>234</LINE>
      <COLUMN>36</COLUMN>
    </SFA>
    <DEFECTCODE>26446</DEFECTCODE>
    <DESCRIPTION>Prefer to use gsl::at() instead of unchecked subscript operator (bounds.4).</DESCRIPTION>
    <FUNCTION>main</FUNCTION>
    <DECORATED>main</DECORATED>
    <FUNCLINE>138</FUNCLINE>
    <PATH></PATH>
  </DEFECT><DEFECT>
    <SFA>
      <FILEPATH>C:\OneDrive - Higher Education Commission\other data\System Folders\Desktop\New folder\Project 2\</FILEPATH>
      <FILENAME>Project 2.cpp</FILENAME>
      <LINE>234</LINE>
      <COLUMN>54</COLUMN>
    </SFA>
    <DEFECTCODE>26446</DEFECTCODE>
    <DESCRIPTION>Prefer to use gsl::at() instead of unchecked subscript operator (bounds.4).</DESCRIPTION>
    <FUNCTION>main</FUNCTION>
    <DECORATED>main</DECORATED>
    <FUNCLINE>138</FUNCLINE>
    <PATH></PATH>
  </DEFECT><DEFECT>
    <SFA>
      <FILEPATH>C:\OneDrive - Higher Education Commission\other data\System Folders\Desktop\New folder\Project 2\</FILEPATH>
      <FILENAME>Project 2.cpp</FILENAME>
      <LINE>234</LINE>
      <COLUMN>72</COLUMN>
    </SFA>
    <DEFECTCODE>26446</DEFECTCODE>
    <DESCRIPTION>Prefer to use gsl::at() instead of unchecked subscript operator (bounds.4).</DESCRIPTION>
    <FUNCTION>main</FUNCTION>
    <DECORATED>main</DECORATED>
    <FUNCLINE>138</FUNCLINE>
    <PATH></PATH>
  </DEFECT><DEFECT>
    <SFA>
      <FILEPATH>C:\OneDrive - Higher Education Commission\other data\System Folders\Desktop\New folder\Project 2\</FILEPATH>
      <FILENAME>Project 2.cpp</FILENAME>
      <LINE>234</LINE>
      <COLUMN>90</COLUMN>
    </SFA>
    <DEFECTCODE>26446</DEFECTCODE>
    <DESCRIPTION>Prefer to use gsl::at() instead of unchecked subscript operator (bounds.4).</DESCRIPTION>
    <FUNCTION>main</FUNCTION>
    <DECORATED>main</DECORATED>
    <FUNCLINE>138</FUNCLINE>
    <PATH></PATH>
  </DEFECT><DEFECT>
    <SFA>
      <FILEPATH>C:\OneDrive - Higher Education Commission\other data\System Folders\Desktop\New folder\Project 2\</FILEPATH>
      <FILENAME>Project 2.cpp</FILENAME>
      <LINE>239</LINE>
      <COLUMN>36</COLUMN>
    </SFA>
    <DEFECTCODE>26446</DEFECTCODE>
    <DESCRIPTION>Prefer to use gsl::at() instead of unchecked subscript operator (bounds.4).</DESCRIPTION>
    <FUNCTION>main</FUNCTION>
    <DECORATED>main</DECORATED>
    <FUNCLINE>138</FUNCLINE>
    <PATH></PATH>
  </DEFECT><DEFECT>
    <SFA>
      <FILEPATH>C:\OneDrive - Higher Education Commission\other data\System Folders\Desktop\New folder\Project 2\</FILEPATH>
      <FILENAME>Project 2.cpp</FILENAME>
      <LINE>239</LINE>
      <COLUMN>54</COLUMN>
    </SFA>
    <DEFECTCODE>26446</DEFECTCODE>
    <DESCRIPTION>Prefer to use gsl::at() instead of unchecked subscript operator (bounds.4).</DESCRIPTION>
    <FUNCTION>main</FUNCTION>
    <DECORATED>main</DECORATED>
    <FUNCLINE>138</FUNCLINE>
    <PATH></PATH>
  </DEFECT><DEFECT>
    <SFA>
      <FILEPATH>C:\OneDrive - Higher Education Commission\other data\System Folders\Desktop\New folder\Project 2\</FILEPATH>
      <FILENAME>Project 2.cpp</FILENAME>
      <LINE>239</LINE>
      <COLUMN>72</COLUMN>
    </SFA>
    <DEFECTCODE>26446</DEFECTCODE>
    <DESCRIPTION>Prefer to use gsl::at() instead of unchecked subscript operator (bounds.4).</DESCRIPTION>
    <FUNCTION>main</FUNCTION>
    <DECORATED>main</DECORATED>
    <FUNCLINE>138</FUNCLINE>
    <PATH></PATH>
  </DEFECT><DEFECT>
    <SFA>
      <FILEPATH>C:\OneDrive - Higher Education Commission\other data\System Folders\Desktop\New folder\Project 2\</FILEPATH>
      <FILENAME>Project 2.cpp</FILENAME>
      <LINE>239</LINE>
      <COLUMN>90</COLUMN>
    </SFA>
    <DEFECTCODE>26446</DEFECTCODE>
    <DESCRIPTION>Prefer to use gsl::at() instead of unchecked subscript operator (bounds.4).</DESCRIPTION>
    <FUNCTION>main</FUNCTION>
    <DECORATED>main</DECORATED>
    <FUNCLINE>138</FUNCLINE>
    <PATH></PATH>
  </DEFECT><DEFECT>
    <SFA>
      <FILEPATH>C:\OneDrive - Higher Education Commission\other data\System Folders\Desktop\New folder\Project 2\</FILEPATH>
      <FILENAME>Project 2.cpp</FILENAME>
      <LINE>146</LINE>
      <COLUMN>10</COLUMN>
    </SFA>
    <DEFECTCODE>26462</DEFECTCODE>
    <DESCRIPTION>The value pointed to by 'backdropSprite' is assigned only once, mark it as a pointer to const (con.4).</DESCRIPTION>
    <FUNCTION>main</FUNCTION>
    <DECORATED>main</DECORATED>
    <FUNCLINE>138</FUNCLINE>
    <PATH></PATH>
  </DEFECT><DEFECT>
    <SFA>
      <FILEPATH>C:\OneDrive - Higher Education Commission\other data\System Folders\Desktop\New folder\Project 2\</FILEPATH>
      <FILENAME>Project 2.cpp</FILENAME>
      <LINE>149</LINE>
      <COLUMN>8</COLUMN>
    </SFA>
    <DEFECTCODE>26462</DEFECTCODE>
    <DESCRIPTION>The value pointed to by 'titleFont' is assigned only once, mark it as a pointer to const (con.4).</DESCRIPTION>
    <FUNCTION>main</FUNCTION>
    <DECORATED>main</DECORATED>
    <FUNCLINE>138</FUNCLINE>
    <PATH></PATH>
  </DEFECT><DEFECT>
    <SFA>
      <FILEPATH>C:\OneDrive - Higher Education Commission\other data\System Folders\Desktop\New folder\Project 2\</FILEPATH>
      <FILENAME>Project 2.cpp</FILENAME>
      <LINE>151</LINE>
      <COLUMN>9</COLUMN>
    </SFA>
    <DEFECTCODE>26462</DEFECTCODE>
    <DESCRIPTION>The value pointed to by 'ground' is assigned only once, mark it as a pointer to const (con.4).</DESCRIPTION>
    <FUNCTION>main</FUNCTION>
    <DECORATED>main</DECORATED>
    <FUNCLINE>138</FUNCLINE>
    <PATH></PATH>
  </DEFECT><DEFECT>
    <SFA>
      <FILEPATH>C:\OneDrive - Higher Education Commission\other data\System Folders\Desktop\New folder\Project 2\</FILEPATH>
      <FILENAME>Project 2.cpp</FILENAME>
      <LINE>153</LINE>
      <COLUMN>9</COLUMN>
    </SFA>
    <DEFECTCODE>26462</DEFECTCODE>
    <DESCRIPTION>The value pointed to by 'skybox' is assigned only once, mark it as a pointer to const (con.4).</DESCRIPTION>
    <FUNCTION>main</FUNCTION>
    <DECORATED>main</DECORATED>
    <FUNCLINE>138</FUNCLINE>
    <PATH></PATH>
  </DEFECT><DEFECT>
    <SFA>
      <FILEPATH>C:\OneDrive - Higher Education Commission\other data\System Folders\Desktop\New folder\Project 2\</FILEPATH>
      <FILENAME>Project 2.cpp</FILENAME>
      <LINE>203</LINE>
      <COLUMN>5</COLUMN>
    </SFA>
    <DEFECTCODE>26496</DEFECTCODE>
    <DESCRIPTION>The variable 'gameState' does not change after construction, mark it as const (con.4).</DESCRIPTION>
    <FUNCTION>main</FUNCTION>
    <DECORATED>main</DECORATED>
    <FUNCLINE>138</FUNCLINE>
    <PATH></PATH>
  </DEFECT><DEFECT>
    <SFA>
      <FILEPATH>C:\OneDrive - Higher Education Commission\other data\System Folders\Desktop\New folder\Project 2\</FILEPATH>
      <FILENAME>Project 2.cpp</FILENAME>
      <LINE>160</LINE>
      <COLUMN>30</COLUMN>
    </SFA>
    <DEFECTCODE>26482</DEFECTCODE>
    <DESCRIPTION>Only index into arrays using constant expressions (bounds.2).</DESCRIPTION>
    <FUNCTION>main</FUNCTION>
    <DECORATED>main</DECORATED>
    <FUNCLINE>138</FUNCLINE>
    <PATH></PATH>
  </DEFECT><DEFECT>
    <SFA>
      <FILEPATH>C:\OneDrive - Higher Education Commission\other data\System Folders\Desktop\New folder\Project 2\</FILEPATH>
      <FILENAME>Project 2.cpp</FILENAME>
      <LINE>161</LINE>
      <COLUMN>49</COLUMN>
    </SFA>
    <DEFECTCODE>26482</DEFECTCODE>
    <DESCRIPTION>Only index into arrays using constant expressions (bounds.2).</DESCRIPTION>
    <FUNCTION>main</FUNCTION>
    <DECORATED>main</DECORATED>
    <FUNCLINE>138</FUNCLINE>
    <PATH></PATH>
  </DEFECT><DEFECT>
    <SFA>
      <FILEPATH>C:\OneDrive - Higher Education Commission\other data\System Folders\Desktop\New folder\Project 2\</FILEPATH>
      <FILENAME>Project 2.cpp</FILENAME>
      <LINE>161</LINE>
      <COLUMN>21</COLUMN>
    </SFA>
    <DEFECTCODE>26482</DEFECTCODE>
    <DESCRIPTION>Only index into arrays using constant expressions (bounds.2).</DESCRIPTION>
    <FUNCTION>main</FUNCTION>
    <DECORATED>main</DECORATED>
    <FUNCLINE>138</FUNCLINE>
    <PATH></PATH>
  </DEFECT><DEFECT>
    <SFA>
      <FILEPATH>C:\OneDrive - Higher Education Commission\other data\System Folders\Desktop\New folder\Project 2\</FILEPATH>
      <FILENAME>Project 2.cpp</FILENAME>
      <LINE>162</LINE>
      <COLUMN>49</COLUMN>
    </SFA>
    <DEFECTCODE>26482</DEFECTCODE>
    <DESCRIPTION>Only index into arrays using constant expressions (bounds.2).</DESCRIPTION>
    <FUNCTION>main</FUNCTION>
    <DECORATED>main</DECORATED>
    <FUNCLINE>138</FUNCLINE>
    <PATH></PATH>
  </DEFECT><DEFECT>
    <SFA>
      <FILEPATH>C:\OneDrive - Higher Education Commission\other data\System Folders\Desktop\New folder\Project 2\</FILEPATH>
      <FILENAME>Project 2.cpp</FILENAME>
      <LINE>162</LINE>
      <COLUMN>21</COLUMN>
    </SFA>
    <DEFECTCODE>26482</DEFECTCODE>
    <DESCRIPTION>Only index into arrays using constant expressions (bounds.2).</DESCRIPTION>
    <FUNCTION>main</FUNCTION>
    <DECORATED>main</DECORATED>
    <FUNCLINE>138</FUNCLINE>
    <PATH></PATH>
  </DEFECT><DEFECT>
    <SFA>
      <FILEPATH>C:\OneDrive - Higher Education Commission\other data\System Folders\Desktop\New folder\Project 2\</FILEPATH>
      <FILENAME>Project 2.cpp</FILENAME>
      <LINE>163</LINE>
      <COLUMN>49</COLUMN>
    </SFA>
    <DEFECTCODE>26482</DEFECTCODE>
    <DESCRIPTION>Only index into arrays using constant expressions (bounds.2).</DESCRIPTION>
    <FUNCTION>main</FUNCTION>
    <DECORATED>main</DECORATED>
    <FUNCLINE>138</FUNCLINE>
    <PATH></PATH>
  </DEFECT><DEFECT>
    <SFA>
      <FILEPATH>C:\OneDrive - Higher Education Commission\other data\System Folders\Desktop\New folder\Project 2\</FILEPATH>
      <FILENAME>Project 2.cpp</FILENAME>
      <LINE>163</LINE>
      <COLUMN>21</COLUMN>
    </SFA>
    <DEFECTCODE>26482</DEFECTCODE>
    <DESCRIPTION>Only index into arrays using constant expressions (bounds.2).</DESCRIPTION>
    <FUNCTION>main</FUNCTION>
    <DECORATED>main</DECORATED>
    <FUNCLINE>138</FUNCLINE>
    <PATH></PATH>
  </DEFECT><DEFECT>
    <SFA>
      <FILEPATH>C:\OneDrive - Higher Education Commission\other data\System Folders\Desktop\New folder\Project 2\</FILEPATH>
      <FILENAME>Project 2.cpp</FILENAME>
      <LINE>164</LINE>
      <COLUMN>49</COLUMN>
    </SFA>
    <DEFECTCODE>26482</DEFECTCODE>
    <DESCRIPTION>Only index into arrays using constant expressions (bounds.2).</DESCRIPTION>
    <FUNCTION>main</FUNCTION>
    <DECORATED>main</DECORATED>
    <FUNCLINE>138</FUNCLINE>
    <PATH></PATH>
  </DEFECT><DEFECT>
    <SFA>
      <FILEPATH>C:\OneDrive - Higher Education Commission\other data\System Folders\Desktop\New folder\Project 2\</FILEPATH>
      <FILENAME>Project 2.cpp</FILENAME>
      <LINE>164</LINE>
      <COLUMN>21</COLUMN>
    </SFA>
    <DEFECTCODE>26482</DEFECTCODE>
    <DESCRIPTION>Only index into arrays using constant expressions (bounds.2).</DESCRIPTION>
    <FUNCTION>main</FUNCTION>
    <DECORATED>main</DECORATED>
    <FUNCLINE>138</FUNCLINE>
    <PATH></PATH>
  </DEFECT><DEFECT>
    <SFA>
      <FILEPATH>C:\OneDrive - Higher Education Commission\other data\System Folders\Desktop\New folder\Project 2\</FILEPATH>
      <FILENAME>Project 2.cpp</FILENAME>
      <LINE>165</LINE>
      <COLUMN>46</COLUMN>
    </SFA>
    <DEFECTCODE>26482</DEFECTCODE>
    <DESCRIPTION>Only index into arrays using constant expressions (bounds.2).</DESCRIPTION>
    <FUNCTION>main</FUNCTION>
    <DECORATED>main</DECORATED>
    <FUNCLINE>138</FUNCLINE>
    <PATH></PATH>
  </DEFECT><DEFECT>
    <SFA>
      <FILEPATH>C:\OneDrive - Higher Education Commission\other data\System Folders\Desktop\New folder\Project 2\</FILEPATH>
      <FILENAME>Project 2.cpp</FILENAME>
      <LINE>165</LINE>
      <COLUMN>18</COLUMN>
    </SFA>
    <DEFECTCODE>26482</DEFECTCODE>
    <DESCRIPTION>Only index into arrays using constant expressions (bounds.2).</DESCRIPTION>
    <FUNCTION>main</FUNCTION>
    <DECORATED>main</DECORATED>
    <FUNCLINE>138</FUNCLINE>
    <PATH></PATH>
  </DEFECT><DEFECT>
    <SFA>
      <FILEPATH>C:\OneDrive - Higher Education Commission\other data\System Folders\Desktop\New folder\Project 2\</FILEPATH>
      <FILENAME>Project 2.cpp</FILENAME>
      <LINE>166</LINE>
      <COLUMN>46</COLUMN>
    </SFA>
    <DEFECTCODE>26482</DEFECTCODE>
    <DESCRIPTION>Only index into arrays using constant expressions (bounds.2).</DESCRIPTION>
    <FUNCTION>main</FUNCTION>
    <DECORATED>main</DECORATED>
    <FUNCLINE>138</FUNCLINE>
    <PATH></PATH>
  </DEFECT><DEFECT>
    <SFA>
      <FILEPATH>C:\OneDrive - Higher Education Commission\other data\System Folders\Desktop\New folder\Project 2\</FILEPATH>
      <FILENAME>Project 2.cpp</FILENAME>
      <LINE>166</LINE>
      <COLUMN>18</COLUMN>
    </SFA>
    <DEFECTCODE>26482</DEFECTCODE>
    <DESCRIPTION>Only index into arrays using constant expressions (bounds.2).</DESCRIPTION>
    <FUNCTION>main</FUNCTION>
    <DECORATED>main</DECORATED>
    <FUNCLINE>138</FUNCLINE>
    <PATH></PATH>
  </DEFECT><DEFECT>
    <SFA>
      <FILEPATH>C:\OneDrive - Higher Education Commission\other data\System Folders\Desktop\New folder\Project 2\</FILEPATH>
      <FILENAME>Project 2.cpp</FILENAME>
      <LINE>167</LINE>
      <COLUMN>46</COLUMN>
    </SFA>
    <DEFECTCODE>26482</DEFECTCODE>
    <DESCRIPTION>Only index into arrays using constant expressions (bounds.2).</DESCRIPTION>
    <FUNCTION>main</FUNCTION>
    <DECORATED>main</DECORATED>
    <FUNCLINE>138</FUNCLINE>
    <PATH></PATH>
  </DEFECT><DEFECT>
    <SFA>
      <FILEPATH>C:\OneDrive - Higher Education Commission\other data\System Folders\Desktop\New folder\Project 2\</FILEPATH>
      <FILENAME>Project 2.cpp</FILENAME>
      <LINE>167</LINE>
      <COLUMN>18</COLUMN>
    </SFA>
    <DEFECTCODE>26482</DEFECTCODE>
    <DESCRIPTION>Only index into arrays using constant expressions (bounds.2).</DESCRIPTION>
    <FUNCTION>main</FUNCTION>
    <DECORATED>main</DECORATED>
    <FUNCLINE>138</FUNCLINE>
    <PATH></PATH>
  </DEFECT><DEFECT>
    <SFA>
      <FILEPATH>C:\OneDrive - Higher Education Commission\other data\System Folders\Desktop\New folder\Project 2\</FILEPATH>
      <FILENAME>Project 2.cpp</FILENAME>
      <LINE>168</LINE>
      <COLUMN>46</COLUMN>
    </SFA>
    <DEFECTCODE>26482</DEFECTCODE>
    <DESCRIPTION>Only index into arrays using constant expressions (bounds.2).</DESCRIPTION>
    <FUNCTION>main</FUNCTION>
    <DECORATED>main</DECORATED>
    <FUNCLINE>138</FUNCLINE>
    <PATH></PATH>
  </DEFECT><DEFECT>
    <SFA>
      <FILEPATH>C:\OneDrive - Higher Education Commission\other data\System Folders\Desktop\New folder\Project 2\</FILEPATH>
      <FILENAME>Project 2.cpp</FILENAME>
      <LINE>168</LINE>
      <COLUMN>18</COLUMN>
    </SFA>
    <DEFECTCODE>26482</DEFECTCODE>
    <DESCRIPTION>Only index into arrays using constant expressions (bounds.2).</DESCRIPTION>
    <FUNCTION>main</FUNCTION>
    <DECORATED>main</DECORATED>
    <FUNCLINE>138</FUNCLINE>
    <PATH></PATH>
  </DEFECT><DEFECT>
    <SFA>
      <FILEPATH>C:\OneDrive - Higher Education Commission\other data\System Folders\Desktop\New folder\Project 2\</FILEPATH>
      <FILENAME>Project 2.cpp</FILENAME>
      <LINE>169</LINE>
      <COLUMN>47</COLUMN>
    </SFA>
    <DEFECTCODE>26482</DEFECTCODE>
    <DESCRIPTION>Only index into arrays using constant expressions (bounds.2).</DESCRIPTION>
    <FUNCTION>main</FUNCTION>
    <DECORATED>main</DECORATED>
    <FUNCLINE>138</FUNCLINE>
    <PATH></PATH>
  </DEFECT><DEFECT>
    <SFA>
      <FILEPATH>C:\OneDrive - Higher Education Commission\other data\System Folders\Desktop\New folder\Project 2\</FILEPATH>
      <FILENAME>Project 2.cpp</FILENAME>
      <LINE>169</LINE>
      <COLUMN>19</COLUMN>
    </SFA>
    <DEFECTCODE>26482</DEFECTCODE>
    <DESCRIPTION>Only index into arrays using constant expressions (bounds.2).</DESCRIPTION>
    <FUNCTION>main</FUNCTION>
    <DECORATED>main</DECORATED>
    <FUNCLINE>138</FUNCLINE>
    <PATH></PATH>
  </DEFECT><DEFECT>
    <SFA>
      <FILEPATH>C:\OneDrive - Higher Education Commission\other data\System Folders\Desktop\New folder\Project 2\</FILEPATH>
      <FILENAME>Project 2.cpp</FILENAME>
      <LINE>170</LINE>
      <COLUMN>47</COLUMN>
    </SFA>
    <DEFECTCODE>26482</DEFECTCODE>
    <DESCRIPTION>Only index into arrays using constant expressions (bounds.2).</DESCRIPTION>
    <FUNCTION>main</FUNCTION>
    <DECORATED>main</DECORATED>
    <FUNCLINE>138</FUNCLINE>
    <PATH></PATH>
  </DEFECT><DEFECT>
    <SFA>
      <FILEPATH>C:\OneDrive - Higher Education Commission\other data\System Folders\Desktop\New folder\Project 2\</FILEPATH>
      <FILENAME>Project 2.cpp</FILENAME>
      <LINE>170</LINE>
      <COLUMN>19</COLUMN>
    </SFA>
    <DEFECTCODE>26482</DEFECTCODE>
    <DESCRIPTION>Only index into arrays using constant expressions (bounds.2).</DESCRIPTION>
    <FUNCTION>main</FUNCTION>
    <DECORATED>main</DECORATED>
    <FUNCLINE>138</FUNCLINE>
    <PATH></PATH>
  </DEFECT><DEFECT>
    <SFA>
      <FILEPATH>C:\OneDrive - Higher Education Commission\other data\System Folders\Desktop\New folder\Project 2\</FILEPATH>
      <FILENAME>Project 2.cpp</FILENAME>
      <LINE>171</LINE>
      <COLUMN>47</COLUMN>
    </SFA>
    <DEFECTCODE>26482</DEFECTCODE>
    <DESCRIPTION>Only index into arrays using constant expressions (bounds.2).</DESCRIPTION>
    <FUNCTION>main</FUNCTION>
    <DECORATED>main</DECORATED>
    <FUNCLINE>138</FUNCLINE>
    <PATH></PATH>
  </DEFECT><DEFECT>
    <SFA>
      <FILEPATH>C:\OneDrive - Higher Education Commission\other data\System Folders\Desktop\New folder\Project 2\</FILEPATH>
      <FILENAME>Project 2.cpp</FILENAME>
      <LINE>171</LINE>
      <COLUMN>19</COLUMN>
    </SFA>
    <DEFECTCODE>26482</DEFECTCODE>
    <DESCRIPTION>Only index into arrays using constant expressions (bounds.2).</DESCRIPTION>
    <FUNCTION>main</FUNCTION>
    <DECORATED>main</DECORATED>
    <FUNCLINE>138</FUNCLINE>
    <PATH></PATH>
  </DEFECT><DEFECT>
    <SFA>
      <FILEPATH>C:\OneDrive - Higher Education Commission\other data\System Folders\Desktop\New folder\Project 2\</FILEPATH>
      <FILENAME>Project 2.cpp</FILENAME>
      <LINE>172</LINE>
      <COLUMN>47</COLUMN>
    </SFA>
    <DEFECTCODE>26482</DEFECTCODE>
    <DESCRIPTION>Only index into arrays using constant expressions (bounds.2).</DESCRIPTION>
    <FUNCTION>main</FUNCTION>
    <DECORATED>main</DECORATED>
    <FUNCLINE>138</FUNCLINE>
    <PATH></PATH>
  </DEFECT><DEFECT>
    <SFA>
      <FILEPATH>C:\OneDrive - Higher Education Commission\other data\System Folders\Desktop\New folder\Project 2\</FILEPATH>
      <FILENAME>Project 2.cpp</FILENAME>
      <LINE>172</LINE>
      <COLUMN>19</COLUMN>
    </SFA>
    <DEFECTCODE>26482</DEFECTCODE>
    <DESCRIPTION>Only index into arrays using constant expressions (bounds.2).</DESCRIPTION>
    <FUNCTION>main</FUNCTION>
    <DECORATED>main</DECORATED>
    <FUNCLINE>138</FUNCLINE>
    <PATH></PATH>
  </DEFECT><DEFECT>
    <SFA>
      <FILEPATH>C:\OneDrive - Higher Education Commission\other data\System Folders\Desktop\New folder\Project 2\</FILEPATH>
      <FILENAME>Project 2.cpp</FILENAME>
      <LINE>184</LINE>
      <COLUMN>38</COLUMN>
    </SFA>
    <DEFECTCODE>26482</DEFECTCODE>
    <DESCRIPTION>Only index into arrays using constant expressions (bounds.2).</DESCRIPTION>
    <FUNCTION>main</FUNCTION>
    <DECORATED>main</DECORATED>
    <FUNCLINE>138</FUNCLINE>
    <PATH></PATH>
  </DEFECT><DEFECT>
    <SFA>
      <FILEPATH>C:\OneDrive - Higher Education Commission\other data\System Folders\Desktop\New folder\Project 2\</FILEPATH>
      <FILENAME>Project 2.cpp</FILENAME>
      <LINE>184</LINE>
      <COLUMN>16</COLUMN>
    </SFA>
    <DEFECTCODE>26482</DEFECTCODE>
    <DESCRIPTION>Only index into arrays using constant expressions (bounds.2).</DESCRIPTION>
    <FUNCTION>main</FUNCTION>
    <DECORATED>main</DECORATED>
    <FUNCLINE>138</FUNCLINE>
    <PATH></PATH>
  </DEFECT><DEFECT>
    <SFA>
      <FILEPATH>C:\OneDrive - Higher Education Commission\other data\System Folders\Desktop\New folder\Project 2\</FILEPATH>
      <FILENAME>Project 2.cpp</FILENAME>
      <LINE>185</LINE>
      <COLUMN>38</COLUMN>
    </SFA>
    <DEFECTCODE>26482</DEFECTCODE>
    <DESCRIPTION>Only index into arrays using constant expressions (bounds.2).</DESCRIPTION>
    <FUNCTION>main</FUNCTION>
    <DECORATED>main</DECORATED>
    <FUNCLINE>138</FUNCLINE>
    <PATH></PATH>
  </DEFECT><DEFECT>
    <SFA>
      <FILEPATH>C:\OneDrive - Higher Education Commission\other data\System Folders\Desktop\New folder\Project 2\</FILEPATH>
      <FILENAME>Project 2.cpp</FILENAME>
      <LINE>185</LINE>
      <COLUMN>16</COLUMN>
    </SFA>
    <DEFECTCODE>26482</DEFECTCODE>
    <DESCRIPTION>Only index into arrays using constant expressions (bounds.2).</DESCRIPTION>
    <FUNCTION>main</FUNCTION>
    <DECORATED>main</DECORATED>
    <FUNCLINE>138</FUNCLINE>
    <PATH></PATH>
  </DEFECT><DEFECT>
    <SFA>
      <FILEPATH>C:\OneDrive - Higher Education Commission\other data\System Folders\Desktop\New folder\Project 2\</FILEPATH>
      <FILENAME>Project 2.cpp</FILENAME>
      <LINE>186</LINE>
      <COLUMN>38</COLUMN>
    </SFA>
    <DEFECTCODE>26482</DEFECTCODE>
    <DESCRIPTION>Only index into arrays using constant expressions (bounds.2).</DESCRIPTION>
    <FUNCTION>main</FUNCTION>
    <DECORATED>main</DECORATED>
    <FUNCLINE>138</FUNCLINE>
    <PATH></PATH>
  </DEFECT><DEFECT>
    <SFA>
      <FILEPATH>C:\OneDrive - Higher Education Commission\other data\System Folders\Desktop\New folder\Project 2\</FILEPATH>
      <FILENAME>Project 2.cpp</FILENAME>
      <LINE>186</LINE>
      <COLUMN>16</COLUMN>
    </SFA>
    <DEFECTCODE>26482</DEFECTCODE>
    <DESCRIPTION>Only index into arrays using constant expressions (bounds.2).</DESCRIPTION>
    <FUNCTION>main</FUNCTION>
    <DECORATED>main</DECORATED>
    <FUNCLINE>138</FUNCLINE>
    <PATH></PATH>
  </DEFECT><DEFECT>
    <SFA>
      <FILEPATH>C:\OneDrive - Higher Education Commission\other data\System Folders\Desktop\New folder\Project 2\</FILEPATH>
      <FILENAME>Project 2.cpp</FILENAME>
      <LINE>187</LINE>
      <COLUMN>38</COLUMN>
    </SFA>
    <DEFECTCODE>26482</DEFECTCODE>
    <DESCRIPTION>Only index into arrays using constant expressions (bounds.2).</DESCRIPTION>
    <FUNCTION>main</FUNCTION>
    <DECORATED>main</DECORATED>
    <FUNCLINE>138</FUNCLINE>
    <PATH></PATH>
  </DEFECT><DEFECT>
    <SFA>
      <FILEPATH>C:\OneDrive - Higher Education Commission\other data\System Folders\Desktop\New folder\Project 2\</FILEPATH>
      <FILENAME>Project 2.cpp</FILENAME>
      <LINE>187</LINE>
      <COLUMN>16</COLUMN>
    </SFA>
    <DEFECTCODE>26482</DEFECTCODE>
    <DESCRIPTION>Only index into arrays using constant expressions (bounds.2).</DESCRIPTION>
    <FUNCTION>main</FUNCTION>
    <DECORATED>main</DECORATED>
    <FUNCLINE>138</FUNCLINE>
    <PATH></PATH>
  </DEFECT><DEFECT>
    <SFA>
      <FILEPATH>C:\OneDrive - Higher Education Commission\other data\System Folders\Desktop\New folder\Project 2\</FILEPATH>
      <FILENAME>Project 2.cpp</FILENAME>
      <LINE>233</LINE>
      <COLUMN>20</COLUMN>
    </SFA>
    <DEFECTCODE>26482</DEFECTCODE>
    <DESCRIPTION>Only index into arrays using constant expressions (bounds.2).</DESCRIPTION>
    <FUNCTION>main</FUNCTION>
    <DECORATED>main</DECORATED>
    <FUNCLINE>138</FUNCLINE>
    <PATH></PATH>
  </DEFECT><DEFECT>
    <SFA>
      <FILEPATH>C:\OneDrive - Higher Education Commission\other data\System Folders\Desktop\New folder\Project 2\</FILEPATH>
      <FILENAME>Project 2.cpp</FILENAME>
      <LINE>234</LINE>
      <COLUMN>20</COLUMN>
    </SFA>
    <DEFECTCODE>26482</DEFECTCODE>
    <DESCRIPTION>Only index into arrays using constant expressions (bounds.2).</DESCRIPTION>
    <FUNCTION>main</FUNCTION>
    <DECORATED>main</DECORATED>
    <FUNCLINE>138</FUNCLINE>
    <PATH></PATH>
  </DEFECT><DEFECT>
    <SFA>
      <FILEPATH>C:\OneDrive - Higher Education Commission\other data\System Folders\Desktop\New folder\Project 2\</FILEPATH>
      <FILENAME>Project 2.cpp</FILENAME>
      <LINE>239</LINE>
      <COLUMN>20</COLUMN>
    </SFA>
    <DEFECTCODE>26482</DEFECTCODE>
    <DESCRIPTION>Only index into arrays using constant expressions (bounds.2).</DESCRIPTION>
    <FUNCTION>main</FUNCTION>
    <DECORATED>main</DECORATED>
    <FUNCLINE>138</FUNCLINE>
    <PATH></PATH>
  </DEFECT></DEFECTS>